id_episode;path
1;19981207_0700_0800_inter_fm_dga
2;19981207_0800_0900_inter_fm_dga
3;19981208_0700_0800_inter_fm_dga
4;19981208_0800_0900_inter_fm_dga
5;19981209_0700_0800_inter_fm_dga
6;19981209_0800_0900_inter_fm_dga
7;19981210_0700_0800_inter_fm_dga
8;19981210_0800_0900_inter_fm_dga
9;19981211_0700_0800_inter_fm_dga
10;19981211_0800_0900_inter_fm_dga
11;19981214_0700_0800_inter_fm_dga
12;19981214_0800_0900_inter_fm_dga
13;19981215_0700_0800_inter_fm_dga
14;19981215_0800_0900_inter_fm_dga
15;19981216_0700_0800_inter_fm_dga
16;19981216_0800_0900_inter_fm_dga
17;19981217_0700_0800_inter_fm_dga
18;19981217_0800_0900_inter_fm_dga
19;19981218_0700_0800_inter_fm_dga
20;19981218_0800_0900_inter_fm_dga
21;19990527_1900_1920_inter_fm_dga
22;19990607_1900_1920_inter_fm_dga
23;19990608_1900_1920_inter_fm_dga
24;19990609_1900_1920_inter_fm_dga
25;19990610_1900_1920_inter_fm_dga
26;19990611_1900_1920_inter_fm_dga
27;19990614_1900_1920_inter_fm_dga
28;19990616_1900_1920_inter_fm_dga
29;19990617_1900_1920_inter_fm_dga
30;19990618_1900_1920_inter_fm_dga
31;19990621_1900_1920_inter_fm_dga
32;19990622_1900_1920_inter_fm_dga
33;19990623_1900_1920_inter_fm_dga
34;19990624_1900_1920_inter_fm_dga
35;19990625_1900_1920_inter_fm_dga
36;20000410_0930_1030_rfi_fm_dga
37;20000410_1130_1230_rfi_fm_dga
38;20000414_0930_1030_rfi_fm_dga
39;20000522_0930_1030_rfi_fm_dga
40;20000522_1130_1230_rfi_fm_dga
41;20000523_0930_1030_rfi_fm_dga
42;20000523_1130_1230_rfi_fm_dga
43;20000524_0930_1030_rfi_fm_dga
44;20000524_1130_1230_rfi_fm_dga
45;20000525_0930_1030_rfi_fm_dga
46;20000525_1130_1230_rfi_fm_dga
47;20000907_0930_1030_rfi_fm_dga
48;20000907_1130_1230_rfi_fm_dga
49;20000908_0930_1030_rfi_fm_dga
50;20000908_1130_1230_rfi_fm_dga
51;20030414_0700_0800_FRANCEINTER_DGA
52;20030414_0800_0900_FRANCEINTER_DGA
53;20030414_1200_1300_FRANCEINFO_DGA
54;20030414_1700_1800_FRANCEINFO_DGA
55;20030415_0700_0800_FRANCEINTER_DGA
56;20030415_0800_0900_FRANCEINTER_DGA
57;20030415_1200_1300_FRANCEINFO_DGA
58;20030415_1700_1800_FRANCEINFO_DGA
59;20030416_0700_0800_FRANCEINTER_DGA
60;20030416_0800_0900_FRANCEINTER_DGA
61;20030416_1200_1300_FRANCEINFO_DGA
62;20030416_1700_1800_FRANCEINFO_DGA
63;20030417_0700_0800_FRANCEINTER_DGA
64;20030417_0800_0900_FRANCEINTER_DGA
65;20030417_1200_1300_FRANCEINFO_DGA
66;20030417_1700_1800_FRANCEINFO_DGA
67;20030418_0700_0800_FRANCEINTER_DGA
68;20030418_0800_0900_FRANCEINTER_DGA
69;20030418_1200_1300_FRANCEINFO_DGA
70;20030418_1700_1800_FRANCEINFO_DGA
71;20030428_1400_1500_RFI_ELDA
72;20030429_1400_1500_RFI_ELDA
73;20030430_1400_1500_RFI_ELDA
74;20030501_1400_1500_RFI_ELDA
75;20030502_1400_1500_RFI_ELDA
76;20030505_1400_1500_RFI_ELDA
77;20030506_1400_1500_RFI_ELDA
78;20030507_1400_1500_RFI_ELDA
79;20030508_1400_1500_RFI_ELDA
80;20030509_1400_1500_RFI_ELDA
81;20030619_0700_0710_RTM_ELDA
82;20030619_1300_1320_RTM_ELDA
83;20030619_2000_2020_RTM_ELDA
84;20030619_2300_2310_RTM_ELDA
85;20030620_0700_0710_RTM_ELDA
86;20030620_1300_1320_RTM_ELDA
87;20030620_2000_2020_RTM_ELDA
88;20030620_2300_2310_RTM_ELDA
89;20030621_0700_0715_RTM_ELDA
90;20030621_1300_1315_RTM_ELDA
91;20030621_2000_2015_RTM_ELDA
92;20030621_2300_2310_RTM_ELDA
93;20030622_0700_0710_RTM_ELDA
94;20030622_1300_1310_RTM_ELDA
95;20030622_2000_2015_RTM_ELDA
96;20030622_2300_2310_RTM_ELDA
97;20030623_0700_0710_RTM_ELDA
98;20030623_1300_1320_RTM_ELDA
99;20030623_2000_2015_RTM_ELDA
100;20030623_2300_2310_RTM_ELDA
101;20030627_0700_0715_RTM_ELDA
102;20030627_1300_1320_RTM_ELDA
103;20030627_2000_2020_RTM_ELDA
104;20030627_2300_2310_RTM_ELDA
105;20030628_0700_0715_RTM_ELDA
106;20030628_1300_1320_RTM_ELDA
107;20030628_2000_2015_RTM_ELDA
108;20030628_2300_2310_RTM_ELDA
109;20030629_0700_0710_RTM_ELDA
110;20030629_1300_1320_RTM_ELDA
111;20030629_2000_2010_RTM_ELDA
112;20030629_2300_2315_RTM_ELDA
113;20030630_0700_0710_RTM_ELDA
114;20030630_1300_1320_RTM_ELDA
115;20030630_2000_2020_RTM_ELDA
116;20030630_2300_2315_RTM_ELDA
117;20030701_0700_0715_RTM_ELDA
118;20030701_1300_1320_RTM_ELDA
119;20030701_2000_2015_RTM_ELDA
120;20030701_2300_2310_RTM_ELDA
121;20030702_0700_0710_RTM_ELDA
122;20030702_1300_1315_RTM_ELDA
123;20030702_2000_2020_RTM_ELDA
124;20030702_2300_2310_RTM_ELDA
125;20030703_0700_0715_RTM_ELDA
126;20030703_1300_1320_RTM_ELDA
127;20030703_2000_2015_RTM_ELDA
128;20030703_2300_2310_RTM_ELDA
129;20030704_0700_0715_RTM_ELDA
130;20030704_1300_1320_RTM_ELDA
131;20030704_2000_2020_RTM_ELDA
132;20030704_2300_2310_RTM_ELDA
133;20030705_0700_0710_RTM_ELDA
134;20030705_1300_1320_RTM_ELDA
135;20030705_2000_2015_RTM_ELDA
136;20030705_2300_2310_RTM_ELDA
137;20030706_0700_0710_RTM_ELDA
138;20030706_1300_1315_RTM_ELDA
139;20030706_2000_2010_RTM_ELDA
140;20030706_2300_2310_RTM_ELDA
141;20030707_0700_0710_RTM_ELDA
142;20030707_1300_1315_RTM_ELDA
143;20030707_2000_2020_RTM_ELDA
144;20030707_2300_2310_RTM_ELDA
145;20030708_0700_0715_RTM_ELDA
146;20030708_1300_1320_RTM_ELDA
147;20030708_2000_2020_RTM_ELDA
148;20030708_2300_2315_RTM_ELDA
149;20030709_0700_0710_RTM_ELDA
150;20030709_1300_1320_RTM_ELDA
151;20030709_2000_2020_RTM_ELDA
152;20030709_2300_2310_RTM_ELDA
153;20030710_0700_0715_RTM_ELDA
154;20030710_1300_1320_RTM_ELDA
155;20030710_2000_2020_RTM_ELDA
156;20030710_2300_2310_RTM_ELDA
157;20030711_0700_0715_RTM_ELDA
158;20030711_1300_1320_RTM_ELDA
159;20030711_2000_2020_RTM_ELDA
160;20030711_2300_2310_RTM_ELDA
161;20030712_0700_0710_RTM_ELDA
162;20030712_1300_1315_RTM_ELDA
163;20030712_2000_2015_RTM_ELDA
164;20030712_2300_2310_RTM_ELDA
165;20030713_0700_0710_RTM_ELDA
166;20030713_1300_1310_RTM_ELDA
167;20030713_2000_2010_RTM_ELDA
168;20030713_2300_2310_RTM_ELDA
169;20030717_0700_0715_RTM_ELDA
170;20030717_1300_1320_RTM_ELDA
171;20030717_2000_2020_RTM_ELDA
172;20030717_2300_2315_RTM_ELDA
173;20030719_0700_0715_RTM_ELDA
174;20030719_1300_1320_RTM_ELDA
175;20030719_2000_2015_RTM_ELDA
176;20030719_2300_2310_RTM_ELDA
177;20041006_0700_0800_CLASSIQUE
178;20041006_0800_0900_CULTURE
179;20041007_0800_0900_INTER_DGA
180;20041008_1800_1830_INFO_DGA
181;20041011_1300_1400_INTER_DGA
182;20041012_1800_1830_INFO_DGA
183;20041013_1700_1800_INFO_DGA
184;20041025_1930_2000_RFI_ELDA
185;20041026_1930_2000_RFI_ELDA
186;20041027_1230_1300_RFI_ELDA
187;20041124_1230_1300_RFI_ELDA
188;20041217_1300_1322_RTM_ELDA
189;20041218_1300_1314_RTM_ELDA
190;20041219_1300_1314_RTM_ELDA
191;20041220_1300_1314_RTM_ELDA
192;20041221_1300_1321_RTM_ELDA
193;20041222_1300_1320_RTM_ELDA
194;20041223_1300_1318_RTM_ELDA
195;20070608_0730_0745_africa1
196;20070613_0730_0745_africa1
197;20070614_0730_0745_africa1
198;20070615_0730_0745_africa1
199;20070618_0730_0745_africa1
200;20070619_0730_0745_africa1
201;20070625_0730_0745_africa1
202;20070626_0730_0745_africa1
203;20070628_0730_0745_africa1
204;20070707_0700_0800_rfi
205;20070710_0630_0650_rfi
206;20070710_1900_1920_inter
207;20070711_1900_1920_inter
208;20070712_1900_1920_inter
209;20070715_2045_2100_tvme
210;20070716_1200_1300_inter
211;20070716_2045_2100_tvme
212;20070717_2045_2100_tvme
213;20070718_2045_2100_tvme
214;20070723_1920_2000_inter
215;20071218_1900_1920_inter
216;20071219_2135_2150_tvme
217;20071220_1900_1920_inter
218;20071221_1900_1920_inter
219;20071221_2135_2150_tvme
220;20080107_2135_2150_tvme
221;20080108_2135_2150_tvme
222;20080117_1000_1100_inter
223;20080118_1000_1100_inter
224;20080118_2030_2040_rfi
225;20080122_0930_0940_rfi
226;20080122_2030_2040_rfi
227;20080123_2030_2040_rfi
228;20080124_1920_2000_inter
229;20080124_2030_2040_rfi
230;20080125_2030_2040_rfi
231;20080128_2030_2040_rfi
232;20080204_1900_1910_africa1
233;20080205_1900_1910_africa1
234;20080206_1200_1210_africa1
235;20080207_1200_1210_africa1
236;20080208_1200_1210_africa1
237;20080209_1200_1210_africa1
238;20080210_1200_1210_africa1
239;20080211_1200_1210_africa1
240;20080212_1200_1210_africa1
241;BFMTV_BFMStory_2010_09_03_175900
242;BFMTV_BFMStory_2010_09_14_175900
243;BFMTV_BFMStory_2010_10_01_175900
244;BFMTV_BFMStory_2010_11_22_175900
245;BFMTV_BFMStory_2011_01_03_175900
246;BFMTV_BFMStory_2011_03_17_175900
247;BFMTV_BFMStory_2011_05_11_175900
248;BFMTV_BFMStory_2011_05_31_175900
249;BFMTV_BFMStory_2011_06_02_175900
250;BFMTV_BFMStory_2011_06_03_175900
251;BFMTV_BFMStory_2011_07_05_175900
252;BFMTV_BFMStory_2011_07_07_175900
253;BFMTV_BFMStory_2011_07_08_175900
254;BFMTV_BFMStory_2011_07_11_175900
255;BFMTV_BFMStory_2011_07_13_175900
256;BFMTV_BFMStory_2011_09_07_175900
257;BFMTV_BFMStory_2011_09_12_175900
258;BFMTV_BFMStory_2011_09_13_175900
259;BFMTV_BFMStory_2011_10_14_175800
260;BFMTV_BFMStory_2011_10_17_175800
261;BFMTV_BFMStory_2011_11_02_175800
262;BFMTV_BFMStory_2011_11_28_175800
263;BFMTV_BFMStory_2011_11_29_175800
264;BFMTV_BFMStory_2011_12_06_175800
265;BFMTV_BFMStory_2011_12_12_175800
266;BFMTV_BFMStory_2012_01_10_175800
267;BFMTV_BFMStory_2012_01_23_175800
268;BFMTV_BFMStory_2012_02_14_175800
269;BFMTV_BFMStory_2012_02_20_175800
270;BFMTV_BFMStory_2012_07_05_175800
271;BFMTV_BFMStory_2012_07_16_175800
272;BFMTV_BFMStory_2012_07_17_175800
273;BFMTV_BFMStory_2012_07_18_175800
274;BFMTV_BFMStory_2012_07_19_175800
275;BFMTV_BFMStory_2012_07_20_175800
276;BFMTV_BFMStory_2012_07_23_175800
277;BFMTV_BFMStory_2012_07_24_175800
278;BFMTV_BFMStory_2012_07_26_175800
279;BFMTV_BFMStory_2012_07_27_175800
280;BFMTV_BFMStory_2012_08_24_175800
281;BFMTV_BFMStory_2012_09_11_175500
282;BFMTV_BFMStory_2012_09_17_175500
283;BFMTV_BFMStory_2012_09_18_175200
284;BFMTV_BFMStory_2012_09_19_175500
285;BFMTV_BFMStory_2012_09_20_175500
286;BFMTV_BFMStory_2012_11_08_175800
287;BFMTV_BFMStory_2012_11_09_175800
288;BFMTV_BFMStory_2012_11_14_175800
289;BFMTV_BFMStory_2012_11_15_175800
290;BFMTV_CultureEtVous_2012_01_13_065040
291;BFMTV_CultureEtVous_2012_01_16_075000
292;BFMTV_CultureEtVous_2012_01_17_065040
293;BFMTV_CultureEtVous_2012_01_18_065040
294;BFMTV_CultureEtVous_2012_01_19_065040
295;BFMTV_CultureEtVous_2012_02_14_065040
296;BFMTV_CultureEtVous_2012_02_15_065040
297;BFMTV_CultureEtVous_2012_02_16_065040
298;BFMTV_CultureEtVous_2012_02_17_065040
299;BFMTV_CultureEtVous_2012_02_20_065040
300;BFMTV_CultureEtVous_2012_02_21_065040
301;BFMTV_CultureEtVous_2012_02_23_075000
302;BFMTV_CultureEtVous_2012_02_24_065040
303;BFMTV_CultureEtVous_2012_02_28_065040
304;BFMTV_CultureEtVous_2012_02_29_065040
305;BFMTV_CultureEtVous_2012_03_01_065040
306;BFMTV_CultureEtVous_2012_04_02_065040
307;BFMTV_CultureEtVous_2012_04_03_065040
308;BFMTV_CultureEtVous_2012_04_04_065040
309;BFMTV_CultureEtVous_2012_04_05_065040
310;BFMTV_CultureEtVous_2012_04_06_065040
311;BFMTV_CultureEtVous_2012_04_11_065040
312;BFMTV_CultureEtVous_2012_04_12_065040
313;BFMTV_CultureEtVous_2012_04_13_065040
314;BFMTV_CultureEtVous_2012_04_16_065040
315;BFMTV_CultureEtVous_2012_05_04_065040
316;BFMTV_CultureEtVous_2012_05_08_065040
317;BFMTV_CultureEtVous_2012_05_09_065040
318;BFMTV_CultureEtVous_2012_05_10_065040
319;BFMTV_CultureEtVous_2012_05_11_065040
320;BFMTV_CultureEtVous_2012_05_14_065040
321;BFMTV_CultureEtVous_2012_07_05_065040
322;BFMTV_CultureEtVous_2012_07_06_065040
323;BFMTV_CultureEtVous_2012_07_09_065040
324;BFMTV_CultureEtVous_2012_07_18_065040
325;BFMTV_CultureEtVous_2012_07_20_065040
326;BFMTV_CultureEtVous_2012_07_23_065040
327;BFMTV_CultureEtVous_2012_07_24_065040
328;BFMTV_CultureEtVous_2012_07_25_065040
329;BFMTV_CultureEtVous_2012_07_26_065040
330;BFMTV_CultureEtVous_2012_07_27_065040
331;BFMTV_CultureEtVous_2012_07_30_065040
332;BFMTV_CultureEtVous_2012_07_31_065040
333;BFMTV_CultureEtVous_2012_08_23_065040
334;BFMTV_CultureEtVous_2012_08_27_065040
335;BFMTV_CultureEtVous_2012_08_28_065040
336;BFMTV_CultureEtVous_2012_08_29_065040
337;BFMTV_CultureEtVous_2012_09_11_065040
338;BFMTV_CultureEtVous_2012_09_12_065040
339;BFMTV_CultureEtVous_2012_09_14_064700
340;BFMTV_CultureEtVous_2012_09_19_064700
341;BFMTV_CultureEtVous_2012_09_21_064700
342;BFMTV_CultureEtVous_2012_09_24_064700
343;BFMTV_CultureEtVous_2012_09_25_064700
344;BFMTV_CultureEtVous_2012_09_26_064700
345;BFMTV_CultureEtVous_2012_09_27_064700
346;BFMTV_CultureEtVous_2012_09_28_064700
347;BFMTV_CultureEtVous_2012_10_02_064700
348;BFMTV_CultureEtVous_2012_10_03_064700
349;BFMTV_CultureEtVous_2012_10_04_064700
350;BFMTV_CultureEtVous_2012_10_05_064700
351;BFMTV_CultureEtVous_2012_10_08_064700
352;BFMTV_CultureEtVous_2012_10_09_064700
353;BFMTV_CultureEtVous_2012_10_12_064700
354;BFMTV_CultureEtVous_2012_10_16_064700
355;BFMTV_CultureEtVous_2012_10_17_064700
356;BFMTV_CultureEtVous_2012_10_18_064700
357;BFMTV_CultureEtVous_2012_10_22_064700
358;BFMTV_CultureEtVous_2012_10_23_064700
359;BFMTV_CultureEtVous_2012_10_24_064700
360;BFMTV_CultureEtVous_2012_10_26_064700
361;BFMTV_CultureEtVous_2012_11_09_064700
362;BFMTV_CultureEtVous_2012_11_12_064700
363;BFMTV_CultureEtVous_2012_11_16_064700
364;BFMTV_CultureEtVous_2012_11_23_064700
365;BFMTV_CultureEtVous_2012_11_27_064700
366;BFMTV_CultureEtVous_2012_11_29_064700
367;BFMTV_CultureEtVous_2012_12_04_064700
368;BFMTV_CultureEtVous_2012_12_05_064700
369;BFMTV_CultureEtVous_2012_12_06_065040
370;BFMTV_CultureEtVous_2012_12_10_064700
371;BFMTV_CultureEtVous_2012_12_11_064700
372;BFMTV_CultureEtVous_2012_12_12_065040
373;BFMTV_CultureEtVous_2012_12_13_064700
374;BFMTV_CultureEtVous_2012_12_17_064700
375;BFMTV_CultureEtVous_2012_12_21_064700
376;BFMTV_CultureEtVous_2013_01_03_064700
377;BFMTV_PlaneteShowbiz_2011_05_12_064500
378;BFMTV_PlaneteShowbiz_2011_05_13_064500
379;BFMTV_PlaneteShowbiz_2011_05_18_065000
380;BFMTV_PlaneteShowbiz_2011_05_25_065000
381;BFMTV_PlaneteShowbiz_2011_05_27_065000
382;BFMTV_PlaneteShowbiz_2011_06_01_065000
383;BFMTV_PlaneteShowbiz_2011_06_02_065000
384;BFMTV_PlaneteShowbiz_2011_06_03_065000
385;BFMTV_PlaneteShowbiz_2011_07_05_065000
386;BFMTV_PlaneteShowbiz_2011_07_06_075000
387;BFMTV_PlaneteShowbiz_2011_07_08_065040
388;BFMTV_PlaneteShowbiz_2011_07_11_065040
389;BFMTV_PlaneteShowbiz_2011_07_12_065040
390;BFMTV_PlaneteShowbiz_2011_07_13_065040
391;BFMTV_PlaneteShowbiz_2011_09_08_065040
392;BFMTV_PlaneteShowbiz_2011_09_09_065040
393;BFMTV_PlaneteShowbiz_2011_09_12_075000
394;BFMTV_PlaneteShowbiz_2011_09_13_065040
395;BFMTV_PlaneteShowbiz_2011_09_14_065040
396;BFMTV_PlaneteShowbiz_2011_09_15_065040
397;BFMTV_PlaneteShowbiz_2011_09_16_065040
398;BFMTV_PlaneteShowbiz_2011_09_20_065040
399;BFMTV_PlaneteShowbiz_2011_09_21_065040
400;BFMTV_PlaneteShowbiz_2011_09_22_065040
401;BFMTV_PlaneteShowbiz_2011_09_23_065040
402;BFMTV_PlaneteShowbiz_2011_09_27_065040
403;BFMTV_PlaneteShowbiz_2011_09_28_075000
404;BFMTV_PlaneteShowbiz_2011_09_29_075000
405;BFMTV_PlaneteShowbiz_2011_09_30_065040
406;BFMTV_PlaneteShowbiz_2011_10_03_065040
407;BFMTV_PlaneteShowbiz_2011_10_04_065040
408;BFMTV_PlaneteShowbiz_2011_10_05_065040
409;BFMTV_PlaneteShowbiz_2011_10_07_065040
410;BFMTV_PlaneteShowbiz_2011_10_11_065040
411;BFMTV_PlaneteShowbiz_2011_10_13_065040
412;BFMTV_PlaneteShowbiz_2011_10_18_065040
413;BFMTV_PlaneteShowbiz_2011_10_19_065040
414;BFMTV_PlaneteShowbiz_2011_10_20_065040
415;BFMTV_PlaneteShowbiz_2011_10_21_075000
416;BFMTV_PlaneteShowbiz_2011_10_24_065040
417;BFMTV_PlaneteShowbiz_2011_10_25_065040
418;BFMTV_PlaneteShowbiz_2011_10_26_075000
419;BFMTV_PlaneteShowbiz_2011_10_27_065040
420;BFMTV_PlaneteShowbiz_2011_10_28_065040
421;BFMTV_PlaneteShowbiz_2011_10_31_065040
422;BFMTV_PlaneteShowbiz_2011_11_01_065040
423;BFMTV_PlaneteShowbiz_2011_11_02_065040
424;BFMTV_PlaneteShowbiz_2011_11_03_075000
425;BFMTV_PlaneteShowbiz_2011_11_04_065040
426;BFMTV_PlaneteShowbiz_2011_11_07_065040
427;BFMTV_PlaneteShowbiz_2011_11_08_065040
428;BFMTV_PlaneteShowbiz_2011_11_09_065040
429;BFMTV_PlaneteShowbiz_2011_11_10_065040
430;BFMTV_PlaneteShowbiz_2011_11_11_065040
431;BFMTV_PlaneteShowbiz_2011_11_15_065040
432;BFMTV_PlaneteShowbiz_2011_11_16_065040
433;BFMTV_PlaneteShowbiz_2011_11_21_065040
434;BFMTV_PlaneteShowbiz_2011_11_22_065040
435;BFMTV_PlaneteShowbiz_2011_11_23_075000
436;BFMTV_PlaneteShowbiz_2011_11_24_065040
437;BFMTV_PlaneteShowbiz_2011_11_28_065040
438;BFMTV_PlaneteShowbiz_2011_11_29_065040
439;BFMTV_PlaneteShowbiz_2011_11_30_075000
440;BFMTV_PlaneteShowbiz_2011_12_01_065040
441;BFMTV_PlaneteShowbiz_2011_12_02_065040
442;BFMTV_PlaneteShowbiz_2011_12_07_065040
443;BFMTV_PlaneteShowbiz_2011_12_08_065040
444;BFMTV_PlaneteShowbiz_2011_12_09_065040
445;BFMTV_PlaneteShowbiz_2011_12_12_065040
446;BFMTV_PlaneteShowbiz_2011_12_13_075000
447;BFMTV_PlaneteShowbiz_2011_12_14_065040
448;BFMTV_PlaneteShowbiz_2011_12_16_065040
449;BFMTV_PlaneteShowbiz_2011_12_20_065040
450;BFMTV_RuthElkrief_2012_09_18_190340
451;BFMTV_RuthElkrief_2012_09_19_190040
452;BFMTV_RuthElkrief_2012_09_20_190040
453;BFMTV_RuthElkrief_2012_09_21_190040
454;EST2BC_FRE_FR_20100203_1750_FINTER_DEBATE
455;EST2BC_FRE_FR_20100204_1000_FINTER_DEBATE
456;EST2BC_FRE_FR_20100204_123000_FINTER_FOUDUROI_POD
457;EST2BC_FRE_FR_20100204_1750_FINTER_DEBATE
458;EST2BC_FRE_FR_20100205_1000_FINTER_DEBATE
459;EST2BC_FRE_FR_20100207_2000_FINTER_DEBATE
460;EST2BC_FRE_FR_20100208_1000_FINTER_DEBATE
461;EST2BC_FRE_FR_20100208_1750_FINTER_DEBATE
462;EST2BC_FRE_FR_20100214_2000_FINTER_DEBATE
463;EST2BC_FRE_FR_20100221_2000_FINTER_DEBATE
464;EST2BC_FRE_FR_20101004_2152_FINTER_DEBATE
465;EST2BC_FRE_FR_20101005_2152_FINTER_DEBATE
466;EST2BC_FRE_FR_20101006_0910_FINTER_DEBATE
467;EST2BC_FRE_FR_20101006_2152_FINTER_DEBATE
468;EST2BC_FRE_FR_20101007_2152_FINTER_DEBATE
469;EST2BC_FRE_FR_20101008_0910_FINTER_DEBATE
470;EST2BC_FRE_FR_20101014_2152_FINTER_DEBATE
471;EST2BC_FRE_FR_20101015_0910_FINTER_DEBATE
472;EST2BC_FRE_FR_20101017_2004_FINTER_DEBATE
473;EST2BC_FRE_FR_20101018_0910_FINTER_DEBATE
474;EST2BC_FRE_FR_20101018_2152_FINTER_DEBATE
475;EST2BC_FRE_FR_20101019_0910_FINTER_DEBATE
476;EST2BC_FRE_FR_20101020_2152_FINTER_DEBATE
477;EST2BC_FRE_FR_20101021_2152_FINTER_DEBATE
478;EST2BC_FRE_FR_20101024_2004_FINTER_DEBATE
479;EST2BC_FRE_FR_20101025_2152_FINTER_DEBATE
480;EST2BC_FRE_FR_20101026_2152_FINTER_DEBATE
481;EST2BC_FRE_FR_20101028_2152_FINTER_DEBATE
482;LCP_CaVousRegarde_2010_09_28_204900
483;LCP_CaVousRegarde_2010_10_18_204800
484;LCP_CaVousRegarde_2010_11_22_204800
485;LCP_CaVousRegarde_2011_02_17_204700
486;LCP_CaVousRegarde_2011_05_04_235900
487;LCP_CaVousRegarde_2011_05_09_235900
488;LCP_CaVousRegarde_2011_05_10_204900
489;LCP_CaVousRegarde_2011_05_11_235900
490;LCP_CaVousRegarde_2011_05_12_235900
491;LCP_CaVousRegarde_2011_05_26_000400
492;LCP_CaVousRegarde_2011_07_04_235800
493;LCP_CaVousRegarde_2011_10_13_204600
494;LCP_CaVousRegarde_2011_10_17_202700
495;LCP_CaVousRegarde_2011_11_29_204700
496;LCP_CaVousRegarde_2011_12_20_204600
497;LCP_CaVousRegarde_2012_01_19_204700
498;LCP_CaVousRegarde_2012_01_25_204700
499;LCP_CaVousRegarde_2012_09_11_202200
500;LCP_CaVousRegarde_2012_09_14_082700
501;LCP_CaVousRegarde_2012_09_17_204500
502;LCP_CaVousRegarde_2012_09_18_203500
503;LCP_CaVousRegarde_2012_09_19_002500
504;LCP_CaVousRegarde_2012_09_20_002500
505;LCP_CaVousRegarde_2012_09_24_202500
506;LCP_CaVousRegarde_2012_09_25_202500
507;LCP_CaVousRegarde_2012_09_26_202500
508;LCP_EntreLesLignes_2010_09_10_192900
509;LCP_EntreLesLignes_2010_10_03_135900
510;LCP_EntreLesLignes_2010_10_24_135900
511;LCP_EntreLesLignes_2011_01_23_135900
512;LCP_EntreLesLignes_2011_01_29_122800
513;LCP_EntreLesLignes_2011_02_13_135700
514;LCP_EntreLesLignes_2011_03_18_192900
515;LCP_EntreLesLignes_2011_03_25_192900
516;LCP_EntreLesLignes_2011_04_05_025900
517;LCP_EntreLesLignes_2011_04_15_192900
518;LCP_EntreLesLignes_2011_05_06_192800
519;LCP_EntreLesLignes_2011_05_13_192800
520;LCP_EntreLesLignes_2011_07_05_025800
521;LCP_EntreLesLignes_2011_07_08_192800
522;LCP_EntreLesLignes_2011_09_16_192300
523;LCP_EntreLesLignes_2011_10_01_123300
524;LCP_EntreLesLignes_2011_10_07_192700
525;LCP_EntreLesLignes_2011_10_18_032700
526;LCP_EntreLesLignes_2011_11_18_192700
527;LCP_EntreLesLignes_2011_12_16_192700
528;LCP_EntreLesLignes_2012_01_27_192700
529;LCP_EntreLesLignes_2012_05_11_192200
530;LCP_EntreLesLignes_2012_07_29_135800
531;LCP_EntreLesLignes_2012_09_21_212500
532;LCP_EntreLesLignes_2012_09_28_212400
533;LCP_EntreLesLignes_2012_10_05_212400
534;LCP_EntreLesLignes_2012_10_16_032500
535;LCP_EntreLesLignes_2012_10_19_212000
536;LCP_EntreLesLignes_2012_11_17_032500
537;LCP_EntreLesLignes_2012_11_24_032500
538;LCP_EntreLesLignes_2012_12_08_032500
539;LCP_EntreLesLignes_2013_01_19_212400
540;LCP_EntreLesLignes_2013_03_02_212400
541;LCP_EntreLesLignes_2013_03_16_212400
542;LCP_LCPActu14h_2012_11_26_135500
543;LCP_LCPActu14h_2013_01_08_135400
544;LCP_LCPActu14h_2013_01_09_135400
545;LCP_LCPInfo13h30_2011_06_01_132800
546;LCP_LCPInfo13h30_2011_07_06_132800
547;LCP_LCPInfo13h30_2011_07_08_132800
548;LCP_LCPInfo13h30_2011_09_13_132800
549;LCP_LCPInfo13h30_2011_10_05_132700
550;LCP_LCPInfo13h30_2011_10_14_132700
551;LCP_LCPInfo13h30_2011_10_17_132700
552;LCP_LCPInfo13h30_2011_10_18_132700
553;LCP_LCPInfo13h30_2011_10_19_132700
554;LCP_LCPInfo13h30_2011_10_20_132700
555;LCP_LCPInfo13h30_2011_11_24_132700
556;LCP_LCPInfo13h30_2011_12_01_132700
557;LCP_LCPInfo13h30_2011_12_06_132700
558;LCP_LCPInfo13h30_2011_12_12_132700
559;LCP_LCPInfo13h30_2012_01_24_132700
560;LCP_LCPInfo13h30_2012_01_25_132700
561;LCP_LCPInfo13h30_2012_01_27_132700
562;LCP_LCPInfo13h30_2012_01_30_132700
563;LCP_LCPInfo13h30_2012_01_31_132700
564;LCP_LCPInfo13h30_2012_02_13_132700
565;LCP_LCPInfo13h30_2012_02_14_132700
566;LCP_LCPInfo13h30_2012_02_15_132700
567;LCP_LCPInfo13h30_2012_02_16_132700
568;LCP_LCPInfo13h30_2012_02_17_132700
569;LCP_LCPInfo13h30_2012_02_20_132700
570;LCP_LCPInfo13h30_2012_02_24_132700
571;LCP_LCPInfo13h30_2012_04_02_132700
572;LCP_LCPInfo13h30_2012_04_03_132700
573;LCP_LCPInfo13h30_2012_04_04_132700
574;LCP_LCPInfo13h30_2012_04_05_132700
575;LCP_LCPInfo13h30_2012_04_11_132700
576;LCP_LCPInfo13h30_2012_04_12_132700
577;LCP_LCPInfo13h30_2012_04_13_132700
578;LCP_LCPInfo13h30_2012_04_17_132700
579;LCP_LCPInfo13h30_2012_04_18_132700
580;LCP_LCPInfo13h30_2012_04_19_132700
581;LCP_LCPInfo13h30_2012_05_03_132700
582;LCP_LCPInfo13h30_2012_05_10_132700
583;LCP_LCPInfo13h30_2012_05_11_132700
584;LCP_LCPInfo13h30_2012_05_14_132700
585;LCP_LCPInfo13h30_2012_05_15_132700
586;LCP_LCPInfo20h30_2011_05_10_202800
587;LCP_LCPInfo20h30_2011_05_31_202900
588;LCP_LCPInfo20h30_2011_07_05_202900
589;LCP_LCPInfo20h30_2011_07_07_202800
590;LCP_PileEtFace_2010_09_11_085900
591;LCP_PileEtFace_2010_09_18_085900
592;LCP_PileEtFace_2010_10_03_060400
593;LCP_PileEtFace_2010_10_10_060400
594;LCP_PileEtFace_2010_10_17_060400
595;LCP_PileEtFace_2010_10_24_060400
596;LCP_PileEtFace_2010_11_21_060400
597;LCP_PileEtFace_2011_02_13_055700
598;LCP_PileEtFace_2011_03_17_192900
599;LCP_PileEtFace_2011_03_24_192900
600;LCP_PileEtFace_2011_04_14_192900
601;LCP_PileEtFace_2011_05_07_025800
602;LCP_PileEtFace_2011_05_13_005900
603;LCP_PileEtFace_2011_05_26_192800
604;LCP_PileEtFace_2011_07_09_030300
605;LCP_PileEtFace_2011_09_15_185900
606;LCP_PileEtFace_2011_09_23_095700
607;LCP_PileEtFace_2011_09_30_145700
608;LCP_PileEtFace_2011_10_06_192700
609;LCP_PileEtFace_2011_10_15_032700
610;LCP_PileEtFace_2011_10_29_032600
611;LCP_PileEtFace_2011_11_03_192700
612;LCP_PileEtFace_2011_11_10_192600
613;LCP_PileEtFace_2011_11_19_085700
614;LCP_PileEtFace_2011_11_24_192700
615;LCP_PileEtFace_2011_12_01_192700
616;LCP_PileEtFace_2012_01_12_192700
617;LCP_PileEtFace_2012_01_19_192700
618;LCP_PileEtFace_2012_01_26_192700
619;LCP_PileEtFace_2012_02_25_032700
620;LCP_PileEtFace_2012_05_10_192700
621;LCP_PileEtFace_2012_07_05_192700
622;LCP_PileEtFace_2012_09_29_085500
623;LCP_PileEtFace_2012_10_04_192200
624;LCP_PileEtFace_2012_10_08_012500
625;LCP_PileEtFace_2012_10_15_142500
626;LCP_PileEtFace_2012_10_20_085400
627;LCP_PileEtFace_2012_10_25_192500
628;LCP_PileEtFace_2012_10_26_012500
629;LCP_PileEtFace_2012_11_30_012500
630;LCP_PileEtFace_2012_12_08_012500
631;LCP_TopQuestions_2010_10_26_213800
632;LCP_TopQuestions_2010_11_02_213800
633;LCP_TopQuestions_2010_11_16_213800
634;LCP_TopQuestions_2010_11_23_213800
635;LCP_TopQuestions_2010_11_30_213800
636;LCP_TopQuestions_2011_02_01_213800
637;LCP_TopQuestions_2011_03_23_213900
638;LCP_TopQuestions_2011_04_05_213900
639;LCP_TopQuestions_2011_04_12_213900
640;LCP_TopQuestions_2011_05_11_213800
641;LCP_TopQuestions_2011_05_18_000400
642;LCP_TopQuestions_2011_05_25_213800
643;LCP_TopQuestions_2011_07_13_213800
644;LCP_TopQuestions_2011_09_27_232700
645;LCP_TopQuestions_2011_10_04_201200
646;LCP_TopQuestions_2011_10_11_232700
647;LCP_TopQuestions_2011_10_18_232700
648;LCP_TopQuestions_2011_10_25_232700
649;LCP_TopQuestions_2011_11_02_232700
650;LCP_TopQuestions_2011_11_08_232700
651;LCP_TopQuestions_2011_11_30_201200
652;LCP_TopQuestions_2011_12_07_201200
653;LCP_TopQuestions_2011_12_13_232700
654;LCP_TopQuestions_2011_12_14_232700
655;LCP_TopQuestions_2011_12_20_232700
656;LCP_TopQuestions_2011_12_21_232600
657;LCP_TopQuestions_2012_01_10_233200
658;LCP_TopQuestions_2012_01_11_232700
659;LCP_TopQuestions_2012_01_17_232700
660;LCP_TopQuestions_2012_01_18_232700
661;LCP_TopQuestions_2012_01_25_232700
662;LCP_TopQuestions_2012_02_14_232200
663;LCP_TopQuestions_2012_02_22_232700
664;LCP_TopQuestions_2012_09_25_232400
665;LCP_TopQuestions_2012_10_02_232500
666;LCP_TopQuestions_2012_10_16_232500
667;LCP_TopQuestions_2012_10_30_232500
668;LCP_TopQuestions_2012_11_08_232500
669;LCP_TopQuestions_2012_11_28_232500
670;LCP_TopQuestions_2013_01_30_232600
671;LCP_TopQuestions_2013_04_24_232600
672;TV8_LaPlaceDuVillage_2011_03_14_172834
673;TV8_LaPlaceDuVillage_2011_03_21_201334
674;TV8_LaPlaceDuVillage_2011_05_03_201300
675;TV8_LaPlaceDuVillage_2011_05_12_172800
